-- 商品初始化数据
SET NAMES utf8mb4;

-- ===== 商品分类 =====
INSERT INTO product_category (id, name, parent_id, type, sort_order, description) VALUES
(1, '化肥', 0, 'fertilizer', 1, '各类肥料产品'),
(2, '有机肥', 1, 'fertilizer', 1, '天然有机肥料'),
(3, '复合肥', 1, 'fertilizer', 2, '多元素复合肥料'),
(4, '氮肥', 1, 'fertilizer', 3, '氮元素肥料'),
(5, '钾肥', 1, 'fertilizer', 4, '钾元素肥料'),
(6, '磷肥', 1, 'fertilizer', 5, '磷元素肥料'),
(7, '树苗', 0, 'tree', 2, '各类苗木产品'),
(8, '果树苗', 7, 'tree', 1, '苹果、桃、柑橘等果树苗'),
(9, '观赏树苗', 7, 'tree', 2, '景观绿化用苗木'),
(10, '经济林木苗', 7, 'tree', 3, '用材林、经济林苗木');

-- ===== 化肥商品 =====
INSERT INTO product (id, name, product_type, category_id, brand, price, original_price, stock, unit, status, is_recommend, is_new, sort_order, description, freight) VALUES
(1, '生物有机肥 40kg', 'fertilizer', 2, '绿源生物', 68.00, 78.00, 500, 'bag', 1, 1, 0, 1, '精选牛羊粪发酵，有机质≥45%，富含腐殖酸和有益微生物菌群，改良土壤结构，提升果实品质。适用：果树、蔬菜、花卉。', 15.00),
(2, '高效复合肥 50kg', 'fertilizer', 3, '中化化肥', 145.00, 160.00, 300, 'bag', 1, 1, 0, 2, '氮磷钾均衡配比 15-15-15，采用高塔造粒工艺，颗粒均匀，溶解快，吸收率高。基肥、追肥均可，适合各类经济作物。', 20.00),
(3, '尿素 50kg', 'fertilizer', 4, '云天化', 120.00, 130.00, 800, 'bag', 1, 1, 0, 3, '含氮量≥46%，颗粒状，易溶于水，见效快。适用于追肥，促进枝叶生长。', 18.00),
(4, '硫酸钾 25kg', 'fertilizer', 5, '盐湖股份', 98.00, 108.00, 400, 'bag', 1, 0, 1, 4, 'K2O≥50%，白色粉末，速溶高纯。适合果实膨大期使用，增甜着色效果显著。', 12.00),
(5, '过磷酸钙 50kg', 'fertilizer', 6, '开磷集团', 55.00, 65.00, 350, 'bag', 1, 0, 0, 5, 'P2O5≥12%，还含硫、钙等中微量元素，促进根系发育，增强抗逆性。', 10.00),
(6, '果树专用肥 40kg', 'fertilizer', 3, '绿源生物', 88.00, 98.00, 250, 'bag', 1, 1, 1, 6, '针对果树营养需求科学配比，氮磷钾+有机质+微量元素，一肥多用。施用后座果率提高，果实均匀饱满。', 16.00),
(7, '水溶肥 10kg', 'fertilizer', 3, '以色列海法', 180.00, 210.00, 150, 'box', 1, 0, 1, 7, '全水溶，滴灌/喷灌专用。含螯合态微量元素，吸收率超95%。适用于精准施肥，节水节肥。', 8.00),
(8, '有机复合肥 25kg', 'fertilizer', 2, '金正大', 52.00, 60.00, 600, 'bag', 1, 1, 0, 8, '有机无机复混肥，有机质≥20%，总养分≥25%。性价比之选，基肥首选。', 12.00);

-- ===== 树苗商品 =====
INSERT INTO product (id, name, product_type, category_id, brand, price, original_price, stock, unit, status, is_recommend, is_new, sort_order, description, freight) VALUES
(10, '红富士苹果苗 2年生', 'tree', 8, '西北果树研究所', 15.00, 18.00, 2000, 'piece', 1, 1, 0, 10, '优质嫁接苗，砧木为八棱海棠，亲和力强，成活率≥95%。株高1.2-1.5m，地径1.0cm以上，根系发达，带土球发货。定植后第3年开始挂果。', 25.00),
(11, '砂糖橘苗 1年生', 'tree', 8, '广东农科院', 8.00, 10.00, 3000, 'piece', 1, 1, 0, 11, '脱毒容器苗，砧木为枳壳，抗黄龙病。株高40-60cm，根系完整。', 20.00),
(12, '水蜜桃苗 2年生', 'tree', 8, '浙江果树站', 12.00, 15.00, 1500, 'piece', 1, 1, 0, 12, '湖景蜜露品种，自花结实率高，果肉细腻多汁。株高1.0-1.3m。', 22.00),
(13, '巨峰葡萄苗', 'tree', 8, '山东葡萄研究所', 6.00, 8.00, 5000, 'piece', 1, 1, 0, 13, '一年生扦插苗，根系发达，芽眼饱满。适合庭院及规模化种植。', 15.00),
(14, '金桂苗 3年生', 'tree', 9, '成都花木基地', 35.00, 45.00, 800, 'piece', 1, 0, 0, 14, '嫁接桂花苗，冠幅30-40cm，株高80-100cm。秋季开花，香气浓郁。', 30.00),
(15, '银杏苗 2年生', 'tree', 9, '江苏银杏基地', 18.00, 22.00, 1200, 'piece', 1, 0, 0, 15, '实生苗，株高1.5-1.8m，树干通直，秋叶金黄。行道树、庭院首选。', 28.00),
(16, '速生杨苗 1年生', 'tree', 10, '河北林科院', 3.50, 5.00, 10000, 'piece', 1, 0, 0, 16, '107速生杨扦插苗，生长快，抗病虫。5年成材，适合用材林建设。', 18.00),
(17, '红心猕猴桃苗', 'tree', 8, '四川农大', 16.00, 20.00, 800, 'piece', 1, 0, 1, 17, '红阳品种嫁接苗，含雄株授粉枝。果肉红心，维C含量是普通猕猴桃3倍。', 22.00);

-- ===== 商品扩展属性 =====
INSERT INTO product_detail (id, product_id, detail_type, attrs_json) VALUES
(1, 1, 'fertilizer', '{"养分含量":"有机质≥45%, N+P2O5+K2O≥5%","适用作物":"果树、蔬菜、花卉","施用方法":"沟施、穴施","每亩用量":"200-300kg","剂型":"颗粒"}'),
(2, 2, 'fertilizer', '{"养分含量":"N-P2O5-K2O:15-15-15","适用作物":"经济作物","施用方法":"撒施、机施","每亩用量":"25-50kg","剂型":"颗粒"}'),
(3, 3, 'fertilizer', '{"养分含量":"N≥46%","适用作物":"大田作物","施用方法":"撒施、冲施","每亩用量":"10-20kg","剂型":"颗粒"}'),
(4, 4, 'fertilizer', '{"养分含量":"K2O≥50%","适用作物":"果树、薯类","施用方法":"撒施","每亩用量":"10-15kg","剂型":"粉末"}'),
(5, 5, 'fertilizer', '{"养分含量":"P2O5≥12%","适用作物":"豆科、十字花科","施用方法":"基施","每亩用量":"30-50kg","剂型":"粉末"}'),
(6, 6, 'fertilizer', '{"养分含量":"N-P-K:12-8-15, 有机质≥15%","适用作物":"果树","施用方法":"放射沟施","每亩用量":"80-120kg","剂型":"颗粒"}'),
(7, 7, 'fertilizer', '{"养分含量":"N-P-K:20-20-20+TE","适用作物":"温室大棚","施用方法":"滴灌/喷灌","稀释倍数":"800-1000倍","剂型":"粉剂"}'),
(8, 8, 'fertilizer', '{"养分含量":"有机质≥20%, 总养分≥25%","适用作物":"通用","施用方法":"基施","每亩用量":"40-60kg","剂型":"颗粒"}'),
(9, 10, 'tree', '{"品种":"红富士","砧木":"八棱海棠","株高":"1.2-1.5m","地径":"≥1.0cm","树龄":"2年","定植到挂果":"3年","亩栽株数":"55-83株"}'),
(10, 11, 'tree', '{"品种":"砂糖橘","砧木":"枳壳","株高":"40-60cm","地径":"≥0.5cm","树龄":"1年","定植到挂果":"2-3年","亩栽株数":"80-110株"}'),
(11, 12, 'tree', '{"品种":"湖景蜜露","砧木":"毛桃","株高":"1.0-1.3m","地径":"≥0.8cm","树龄":"2年","定植到挂果":"2年","亩栽株数":"33-55株"}'),
(12, 13, 'tree', '{"品种":"巨峰","砧木":"贝达","株高":"30-50cm","地径":"≥0.4cm","树龄":"1年","定植到挂果":"2年","亩栽株数":"150-200株"}'),
(13, 14, 'tree', '{"品种":"金桂","砧木":"女贞","株高":"80-100cm","冠幅":"30-40cm","树龄":"3年","用途":"庭院观赏、行道树"}'),
(14, 15, 'tree', '{"品种":"实生银杏","株高":"1.5-1.8m","地径":"≥1.5cm","树龄":"2年","用途":"行道树、庭院"}'),
(15, 16, 'tree', '{"品种":"107速生杨","株高":"2.0-2.5m","地径":"≥1.5cm","树龄":"1年","成材周期":"5年","亩栽株数":"55-110株"}'),
(16, 17, 'tree', '{"品种":"红阳","砧木":"美味猕猴桃","株高":"40-60cm","地径":"≥0.6cm","树龄":"1年","定植到挂果":"3年","亩栽株数":"55-110株"}');
